xpos,ypos,pred,target,type
0.26185,0.35764,4,4,0
0.08833,0.92397,4,4,0
0.25097,0.74112,6,6,0
0.26602,0.84029,0,0,0
0.35994,0.72250,6,4,0
0.12066,0.75530,2,2,0
0.56809,0.35052,4,4,0
0.12731,0.70780,0,0,0
0.19557,0.58535,6,2,0
0.03378,0.85962,1,1,0
0.65507,0.32613,4,4,0
0.27360,0.57104,4,4,0
0.51919,0.49071,4,4,0
0.94153,0.66074,4,4,0
0.55382,0.30175,4,4,0
0.70983,0.36242,4,4,0
0.66612,0.17865,4,4,0
0.69676,0.58911,4,4,0
0.46543,0.55152,4,4,0
0.41188,0.68095,4,4,0
0.80527,0.30551,4,4,0
0.68221,0.54440,4,4,0
0.59922,0.42238,4,4,0
0.73783,0.36629,4,4,0
0.17320,0.94554,5,5,0
0.70999,0.30763,4,4,0
0.65137,0.47943,4,4,0
0.38188,0.96750,3,3,0
0.20195,0.29638,4,4,0
0.79347,0.74287,4,4,0
0.76133,0.72915,3,3,0
0.51993,0.17505,4,4,0
0.90012,0.40759,4,4,0
0.48003,0.66644,4,4,0
0.65754,0.23374,4,4,0
0.65879,0.20803,4,4,0
0.19958,0.64255,6,6,0
0.21632,0.85353,4,4,0
0.33867,0.30113,4,4,0
0.60775,0.19266,4,4,0
0.56727,0.31283,4,4,0
0.36123,0.58794,6,4,0
0.13809,0.73087,6,6,0
0.05139,0.79427,1,2,0
0.70806,0.30271,4,4,0
0.60298,0.53244,4,4,0
0.30911,0.68536,4,4,0
0.20059,0.87299,2,2,0
0.80177,0.66216,4,4,0
0.49866,0.74887,4,2,0
0.75718,0.24964,4,4,0
0.63747,0.35671,4,4,0
0.75206,0.30701,4,4,0
0.64284,0.27499,4,4,0
0.34935,0.76087,4,4,0
0.20221,0.78620,2,2,0
0.44254,0.82949,2,2,0
0.68507,0.66792,4,4,0
0.26104,0.80616,4,4,0
0.44106,0.54296,4,4,0
0.78208,0.30412,4,4,0
0.08523,0.85175,1,1,0
0.55529,0.33288,4,4,0
0.26572,0.72001,6,4,0
0.25526,0.61286,2,2,0
0.28382,0.20480,4,4,0
0.64519,0.21759,4,4,0
0.56799,0.87615,4,5,0
0.61254,0.30983,4,4,0
0.19199,0.70824,6,6,0
0.53935,0.58420,4,4,0
0.60626,0.34827,4,4,0
0.66443,0.39283,4,4,0
0.72333,0.27394,4,4,0
0.25875,0.65800,2,6,0
0.42107,0.62476,4,4,0
0.55045,0.29200,4,4,0
0.06251,0.45071,2,2,0
0.59289,0.64619,4,4,0
0.55248,0.13294,4,4,0
0.03011,0.82297,1,0,0
0.64002,0.38078,4,4,0
0.55140,0.74542,4,4,0
0.61601,0.17064,4,4,0
0.63479,0.67026,4,4,0
0.24063,0.63361,2,2,0
0.28341,0.91081,6,4,0
0.36445,0.74341,4,4,0
0.57190,0.80618,4,4,0
0.21486,0.36705,4,4,0
0.67789,0.76634,4,4,0
0.64594,0.59341,4,4,0
0.69307,0.28564,4,4,0
0.69279,0.43446,4,4,0
0.53566,0.35705,4,4,0
0.00000,0.64714,6,0,0
0.64926,0.45127,4,4,0
0.30012,0.70496,6,6,0
0.59696,0.14844,4,4,0
0.60130,0.87100,5,5,0
0.09498,0.64211,2,1,0
0.68271,0.18650,4,4,0
0.63338,0.50882,4,4,0
0.74316,0.31680,4,4,0
0.60800,0.36828,4,4,0
0.41805,0.53167,4,4,0
0.37461,0.55546,4,4,0
0.04744,0.75857,1,1,0
0.21503,0.65669,2,2,0
0.69326,0.16315,4,4,0
0.65550,0.64645,4,4,0
0.07516,0.66058,1,2,0
0.94729,0.59340,4,4,0
0.75753,0.84802,4,4,0
0.67994,0.41355,4,4,0
0.76488,0.57453,4,4,0
0.47824,0.58957,4,4,0
0.68807,0.16109,4,4,0
0.39256,0.13358,4,4,0
0.73697,0.19250,4,4,0
0.60213,0.58116,4,4,0
0.64145,0.43701,4,4,0
0.71365,0.55928,4,4,0
0.57122,0.56049,4,4,0
0.15954,0.48784,2,4,0
0.60610,0.28773,4,4,0
0.61272,0.39803,4,4,0
0.25858,0.63325,6,6,0
0.62213,0.24314,4,4,0
0.27939,0.78878,6,4,0
0.54346,0.46731,4,4,0
0.62604,0.10029,4,4,0
0.49382,0.81864,4,4,0
0.60119,0.50604,4,4,0
0.66560,0.43038,4,4,0
0.05978,0.84422,1,1,0
0.75135,0.38677,4,4,0
0.55745,0.84370,4,4,0
0.29846,0.50107,4,4,0
0.47639,0.50514,4,4,0
0.67425,0.58680,4,4,0
0.58680,0.33583,4,4,0
0.25104,0.52925,4,4,0
0.81442,0.26117,4,4,0
0.64347,0.42510,4,4,0
0.75675,0.63281,4,4,0
0.31081,0.31642,4,4,0
0.28585,0.59916,2,4,0
0.64240,0.46597,4,4,0
0.71386,0.27242,4,4,0
0.52231,0.31158,4,4,0
0.06327,0.88095,1,1,0
0.27989,0.47322,4,4,0
0.61539,0.23984,4,4,0
0.20034,0.48933,4,4,0
0.36874,0.69364,4,4,0
0.33158,0.64082,4,4,0
0.64306,0.26095,4,4,0
0.51170,0.13761,4,4,0
0.76197,0.58679,4,4,0
0.55966,0.37954,4,4,0
0.38487,0.88221,4,4,0
0.67864,0.55315,4,4,0
0.20862,0.24201,4,4,0
0.66323,0.50383,4,4,0
0.39403,0.60376,4,4,0
0.37234,0.76363,4,4,0
0.10623,0.60309,2,2,0
0.67109,0.18258,4,4,0
0.32473,0.27460,4,4,0
0.82921,0.38412,4,4,0
0.47921,0.69278,4,4,0
0.69566,0.26161,4,4,0
0.72518,0.34712,4,4,0
0.51700,0.57307,4,4,0
0.69255,0.46433,4,4,0
0.78135,0.42468,4,4,0
0.60613,0.16055,4,4,0
0.27308,0.38706,4,4,0
0.70174,0.30274,4,4,0
0.85403,0.63490,4,4,0
0.31041,0.84020,4,4,0
0.63395,0.45542,4,4,0
0.65526,0.68569,4,4,0
0.54195,0.33357,4,4,0
0.29589,0.40889,4,4,0
0.25296,0.69475,2,2,0
0.85292,0.39128,4,4,0
0.39830,0.34286,4,4,0
0.69968,0.49439,4,4,0
0.47270,0.80415,2,4,0
0.43064,0.77419,4,4,0
0.51259,0.97925,4,4,0
0.50340,0.51142,4,4,0
0.17373,0.82244,4,2,0
0.65041,0.36949,4,4,0
0.45136,0.08338,4,4,0
0.61738,0.43214,4,4,0
0.33981,0.55399,4,4,0
0.11681,0.57171,6,6,0
0.50077,0.35769,4,4,0
0.23562,0.34590,4,4,0
0.21435,0.67541,2,2,0
0.72415,0.32389,4,4,0
0.75827,0.35497,4,4,0
0.13022,0.97456,6,4,0
0.65786,0.44999,4,4,0
0.56217,0.18132,4,4,0
0.07244,0.79518,1,1,0
0.72974,0.27620,4,4,0
0.63655,0.13272,4,4,0
0.98704,0.58842,4,4,0
0.44088,0.44755,4,4,0
0.83885,0.35791,4,4,0
0.29219,0.67257,4,4,0
0.85006,0.36513,4,4,0
0.53581,0.61409,4,4,0
0.30440,0.75543,6,6,0
0.34492,0.68593,4,4,0
0.14725,0.68793,0,0,0
0.55758,0.09031,4,4,0
0.66222,0.49659,4,4,0
0.42578,0.04450,4,4,0
0.48130,0.47130,4,4,0
0.21343,0.59499,2,6,0
0.33185,0.60478,4,4,0
0.65293,0.39800,4,4,0
0.58373,0.61537,4,4,0
0.91567,0.65446,4,4,0
0.76326,0.77051,3,3,0
0.47279,0.52331,4,4,0
0.22386,0.77788,6,6,0
0.34211,0.30831,4,4,0
0.75230,0.54725,4,4,0
0.23568,0.36793,4,4,0
0.66059,0.12397,4,4,0
0.54736,0.35792,4,4,0
0.24502,0.59536,6,4,0
0.59470,0.27496,4,4,0
0.45887,0.45990,4,4,0
0.59198,0.23112,4,4,0
0.66658,0.38374,4,4,0
0.30870,0.88193,3,3,0
0.73948,0.42907,4,4,0
0.86855,0.75876,4,4,0
0.17169,0.45088,4,4,0
0.37838,0.27328,4,4,0
0.73096,0.46340,4,4,0
0.60444,0.89999,5,5,0
0.06398,0.59860,2,2,0
0.63961,0.71445,4,4,0
0.30620,0.57728,4,4,0
0.65867,0.26608,4,4,0
0.57738,0.27931,4,4,0
0.53603,0.50127,4,4,0
0.71396,0.25441,4,4,0
0.06542,0.90456,1,1,0
0.68599,0.31464,4,4,0
0.70083,0.32979,4,4,0
0.73687,0.33794,4,4,0
0.50184,0.55290,4,4,0
0.10470,0.32871,4,4,0
0.75472,0.45710,4,4,0
0.21293,0.56028,4,4,0
0.75955,0.68389,4,4,0
0.24119,0.82320,2,2,0
0.33044,0.30247,4,4,0
0.17379,0.69701,2,2,0
0.61263,0.75094,4,4,0
0.49235,0.71417,4,4,0
0.69133,0.28538,4,4,0
0.65269,0.27183,4,4,0
0.73832,0.65702,4,4,0
0.71564,0.22416,4,4,0
0.32779,0.49716,6,2,0
0.00347,0.79913,4,4,0
0.80404,0.41231,4,4,0
0.17418,0.64092,2,2,0
0.39633,0.54386,4,4,0
0.62925,0.16518,4,4,0
0.74235,0.25938,4,4,0
0.50155,0.10330,4,4,0
0.25622,0.67569,2,6,0
0.61274,0.20114,4,4,0
0.20291,0.91723,5,5,0
0.71963,0.18555,4,4,0
0.97323,0.65247,4,4,0
0.61482,0.21948,4,4,0
0.59481,0.46412,4,4,0
0.55786,0.44206,4,4,0
0.59003,0.21206,4,4,0
0.62939,0.40255,4,4,0
0.65577,0.34960,4,4,0
0.14991,0.86350,0,2,0
0.03342,0.68179,6,6,0
0.87635,0.66988,4,4,0
0.79699,0.27356,4,4,0
0.03423,0.51634,6,4,0
0.72466,0.44064,4,4,0
0.70385,0.26126,4,4,0
0.59815,0.92089,5,5,0
0.35344,0.56561,6,4,0
0.16601,0.74003,2,2,0
0.75655,0.17081,4,4,0
0.46358,0.15056,4,4,0
0.72268,0.74267,4,4,0
0.14262,0.67318,0,0,0
0.64798,0.48747,4,4,0
0.20745,0.26613,4,4,0
0.51951,0.13489,4,4,0
0.65924,0.40687,4,4,0
0.81652,0.60472,4,4,0
0.14890,0.57048,2,2,0
0.08729,0.86695,1,1,0
0.14678,0.70127,0,0,0
0.22425,0.75116,2,2,0
0.39520,0.70423,6,6,0
0.40752,0.13426,4,4,0
0.67145,0.40340,4,4,0
0.46020,0.83952,2,2,0
0.47844,0.44318,4,4,0
0.62199,0.36140,4,4,0
0.69609,0.55954,4,4,0
0.83704,0.83974,4,4,0
0.86115,0.35526,4,4,0
0.62795,0.13427,4,4,0
0.32207,0.73516,6,4,0
0.79613,0.70584,4,4,0
0.57972,0.20972,4,4,0
0.19488,0.36540,4,4,0
0.30467,0.66487,2,6,0
0.67699,0.31004,4,4,0
0.56888,0.18224,4,4,0
0.71523,0.23119,4,4,0
0.57514,0.64319,4,4,0
0.54360,0.53263,4,4,0
0.21645,0.61891,2,6,0
0.16413,0.59378,2,2,0
0.18896,0.34475,4,4,0
0.61409,0.05686,4,4,0
0.27076,0.41677,4,4,0
0.63884,0.37531,4,4,0
0.60320,0.20854,4,4,0
0.16609,0.62118,2,2,0
0.23744,0.32756,4,4,0
0.56881,0.07329,4,4,0
0.53657,0.77357,4,4,0
0.71946,0.59622,4,4,0
0.28397,0.95832,6,6,0
0.50028,0.44415,4,4,0
0.43019,0.91209,2,2,0
0.28519,0.63189,4,4,0
0.34284,0.11479,4,4,0
0.79414,0.28464,4,4,0
0.56366,0.45008,4,4,0
0.56065,0.29604,4,4,0
0.72513,0.46155,4,4,0
0.18381,0.63002,2,4,0
0.33663,0.97968,3,3,0
0.60821,0.12517,4,4,0
0.65255,0.55677,4,4,0
0.07148,0.53615,4,4,0
0.08022,0.73549,0,0,0
0.59906,0.32716,4,4,0
0.68166,0.20991,4,4,0
0.74150,0.44598,4,4,0
0.02715,0.57840,4,4,0
0.67432,0.86249,4,4,0
0.30764,0.80387,4,2,0
0.34444,0.37352,4,4,0
0.66826,0.62646,4,4,0
0.58055,0.18191,4,4,0
0.61757,0.33225,4,4,0
0.09280,0.68253,2,0,0
0.59280,0.54491,4,4,0
0.75299,0.24083,4,4,0
0.73985,0.24069,4,4,0
0.60667,0.30617,4,4,0
0.32454,0.91561,4,4,0
0.11808,0.78334,1,1,0
0.62136,0.39006,4,4,0
0.31849,0.77988,6,6,0
0.40361,0.21883,4,4,0
0.75845,0.47487,4,4,0
0.37573,0.65273,4,4,0
0.18675,0.42175,4,3,0
0.51464,0.68163,4,4,0
0.53529,0.55633,4,4,0
0.76215,0.24056,4,4,0
0.28730,0.81975,6,4,0
0.31189,0.34494,4,4,0
0.66523,0.54541,4,4,0
0.73402,0.23047,4,4,0
0.13238,0.68334,0,0,0
0.24422,0.31990,4,4,0
0.64671,0.15504,4,4,0
0.32945,0.75844,4,4,0
0.74839,0.73674,4,4,0
0.41787,0.84942,2,2,0
0.16050,0.76648,2,2,0
0.08681,0.57503,2,0,0
0.27313,0.53049,4,4,0
0.57606,0.47332,4,4,0
0.28809,0.85988,6,6,0
0.57812,0.09261,4,4,0
0.74161,0.48639,4,4,0
0.41063,0.72402,4,4,0
0.09484,0.75439,1,1,0
0.34859,0.41613,4,4,0
0.80281,0.37418,4,4,0
0.55064,0.31614,4,4,0
0.17330,0.87164,0,0,0
0.23841,0.55400,6,6,0
0.62992,0.48049,4,4,0
0.44114,0.86438,2,2,0
0.33988,0.87618,6,4,0
0.57266,0.59251,4,4,0
0.59558,0.25373,4,4,0
0.33985,0.62479,4,4,0
0.40569,0.29059,4,4,0
0.62254,0.49101,4,4,0
0.79944,0.21675,4,4,0
0.59874,0.09019,4,4,0
0.37793,0.38103,4,4,0
0.52909,0.52500,4,4,0
0.65577,0.28156,4,4,0
0.35592,0.70294,4,6,0
0.19267,0.76228,2,6,0
0.39770,0.47447,4,4,0
0.21869,0.29912,4,4,0
0.34567,0.65255,6,4,0
0.55794,0.27113,4,4,0
0.72177,0.48315,4,4,0
0.32249,0.56272,6,0,0
0.59123,0.08501,4,4,0
0.24870,0.22333,4,4,0
0.52240,0.83510,4,5,0
0.61523,0.48984,4,4,0
0.80549,0.33700,4,4,0
0.23274,0.61692,2,2,0
0.29004,0.57863,6,4,0
0.62104,0.22428,4,4,0
0.24894,0.37683,4,4,0
0.63206,0.49024,4,4,0
0.41444,0.17525,4,4,0
0.64416,0.29482,4,4,0
0.51956,0.26505,4,4,0
0.63651,0.52484,4,4,0
0.67594,0.56040,4,4,0
0.21565,0.44596,4,4,0
0.33866,0.51950,4,6,0
0.08239,0.84590,1,1,0
0.56246,0.48252,4,4,0
0.40367,0.32647,4,4,0
0.24682,0.92510,2,2,0
0.30834,0.51520,4,4,0
0.39932,0.77980,4,4,0
0.50787,0.78725,4,4,0
0.60633,0.26336,4,4,0
0.70502,0.14911,4,4,0
0.33938,0.70995,4,4,0
0.58668,0.40786,4,4,0
0.74236,0.46044,4,4,0
0.67864,0.18285,4,4,0
0.68886,0.24381,4,4,0
0.57457,0.37226,4,4,0
0.66167,0.47037,4,4,0
0.59307,0.89705,5,5,0
0.58098,0.53175,4,4,0
0.49334,0.64820,4,4,0
0.22323,0.80127,6,6,0
0.29676,0.32418,4,4,0
0.80750,0.32973,4,4,0
0.32048,0.53911,4,4,0
0.77225,0.40292,4,4,0
0.10758,0.82586,1,1,0
0.20936,0.71184,2,4,0
0.75203,0.41639,4,4,0
0.65838,0.42961,4,4,0
0.64123,0.61256,4,4,0
0.21125,0.96481,6,2,0
0.54257,0.35276,4,4,0
0.75567,0.33008,4,4,0
0.37428,0.48745,2,2,0
0.78965,0.37320,4,4,0
0.64130,0.39042,4,4,0
0.79238,0.33189,4,4,0
0.26514,0.76572,6,0,0
0.61968,0.06080,4,4,0
0.57622,0.25562,4,4,0
0.59094,0.37356,4,4,0
0.40890,0.43701,4,4,0
0.45466,0.47517,4,4,0
0.70152,0.55175,4,4,0
0.63642,0.31445,4,4,0
0.28056,0.36226,4,4,0
0.76691,0.31933,4,4,0
0.73014,0.40962,4,4,0
0.76600,0.20202,4,4,0
0.58030,0.43198,4,4,0
0.65090,0.91185,4,4,0
0.59293,0.34761,4,4,0
0.03454,0.72100,1,1,0
0.56180,0.16235,4,4,0
0.28456,0.55255,6,6,0
0.65295,0.37908,4,4,0
0.61149,0.59854,4,4,0
0.68082,0.22259,4,4,0
0.24963,0.40154,4,4,0
0.59832,0.57338,4,4,0
0.37965,0.71590,6,4,0
0.84186,0.32416,4,4,0
0.67018,0.43862,4,4,0
0.66830,0.16668,4,4,0
0.77775,0.44185,4,4,0
0.60860,0.21261,4,4,0
0.73170,0.44817,4,4,0
0.70107,0.50086,4,4,0
0.07155,0.76169,0,1,0
0.53874,0.68162,4,4,0
0.35823,0.65456,4,4,0
0.41193,0.75353,2,4,0
0.78546,0.30816,4,4,0
0.29211,0.77511,6,6,0
0.59918,0.15962,4,4,0
0.65467,0.55541,4,4,0
0.59914,0.18127,4,4,0
0.70575,0.48906,4,4,0
0.67202,0.49339,4,4,0
0.21590,0.73094,2,4,0
0.70206,0.69732,4,4,0
0.36047,0.67793,4,4,0
0.22052,0.69174,2,2,0
0.50959,0.53501,4,4,0
0.63940,0.23426,4,4,0
0.26721,0.31168,4,4,0
0.60666,0.38060,4,4,0
0.57453,0.39183,4,4,0
0.73716,0.22900,4,4,0
0.38288,0.08127,4,4,0
0.21447,0.82882,0,0,0
0.78452,0.68772,4,4,0
0.65558,0.52337,4,4,0
0.70008,0.43858,4,4,0
0.11038,0.79725,1,1,0
0.31795,0.40591,4,4,0
0.23072,0.88726,3,4,0
0.10919,0.72842,6,1,0
0.16903,0.39414,2,4,0
0.62900,0.29000,4,4,0
0.77276,0.23920,4,4,0
0.70896,0.53435,4,4,0
0.47480,0.49121,4,4,0
0.67714,0.30349,4,4,0
0.71294,0.26280,4,4,0
0.48263,0.97154,4,4,0
0.69607,0.23598,4,4,0
0.31761,0.65308,4,4,0
0.68740,0.52248,4,4,0
0.74191,0.25126,4,4,0
0.87571,0.73886,4,4,0
0.52518,0.28782,4,4,0
0.43554,0.61069,4,4,0
0.35699,0.53674,4,4,0
0.17800,0.65813,2,2,0
0.45964,0.60593,4,4,0
0.38779,0.62862,4,4,0
0.59679,0.78055,4,4,0
0.63895,0.77872,4,4,0
0.59439,0.44297,4,4,0
0.62309,0.50366,4,4,0
0.82458,0.28963,4,4,0
0.20107,0.69185,6,2,0
0.19672,0.62159,2,2,0
0.54201,0.81117,4,4,0
0.35951,0.32432,4,4,0
0.96523,0.32245,4,4,0
0.24370,0.85084,2,0,0
0.41642,0.59438,4,4,0
0.57833,0.14674,4,4,0
0.09499,0.85221,1,1,0
0.22983,0.67449,6,2,0
0.75166,0.31866,4,4,0
0.24978,0.33248,4,4,0
0.64423,0.50263,4,4,0
0.63586,0.43784,4,4,0
0.11890,0.62940,2,0,0
0.10993,0.52322,4,4,0
0.57892,0.32833,4,4,0
0.40871,0.81100,4,2,0
0.53858,0.02358,4,4,0
0.67066,0.71868,4,4,0
0.68253,0.26186,4,4,0
0.51474,0.46249,4,4,0
0.77441,0.70842,4,4,0
0.12533,0.86536,1,0,0
0.56701,0.28107,4,4,0
0.16998,0.33345,4,4,0
0.22401,0.34276,4,4,0
0.40223,0.63675,4,4,0
0.19036,0.65101,2,2,0
0.27673,0.66179,4,4,0
0.31560,0.60321,6,4,0
0.28407,0.75130,6,2,0
0.75927,0.22910,4,4,0
0.81616,0.70510,4,4,0
0.57619,0.20588,4,4,0
0.66980,0.31905,4,4,0
0.29075,0.65304,2,4,0
0.66397,0.29818,4,4,0
0.71638,0.33320,4,4,0
0.14616,0.81751,4,0,0
0.79663,0.30566,4,4,0
0.13054,0.50291,6,0,0
0.26648,0.74476,6,2,0
0.19697,0.73598,2,4,0
0.18792,0.66409,2,6,0
0.27081,0.33667,4,4,0
0.75463,0.49266,4,4,0
0.83438,0.73904,2,2,0
0.64492,0.41120,4,4,0
0.14639,0.89311,4,1,0
0.65867,0.17557,4,4,0
0.33100,0.32405,4,4,0
0.17192,0.27829,4,4,0
0.76526,0.42742,4,4,0
0.43040,0.40762,4,4,0
0.22722,0.65416,2,4,0
0.32809,0.66972,4,4,0
0.61610,0.37402,4,4,0
0.54579,0.89629,5,5,0
0.61716,0.45761,4,4,0
0.63681,0.33097,4,4,0
0.53159,0.32108,4,4,0
0.69247,0.35271,4,4,0
0.62085,0.34415,4,4,0
0.51837,0.33253,4,4,0
0.85446,0.70529,4,4,0
0.61106,0.22892,4,4,0
0.51483,0.59885,4,4,0
0.68563,0.37830,4,4,0
0.43153,0.25429,4,4,0
0.76020,0.44191,4,4,0
0.62489,0.27030,4,4,0
0.55819,0.55398,4,4,0
0.70612,0.42291,4,4,0
0.62791,0.63951,4,4,0
0.78494,0.39244,4,4,0
0.69564,0.47610,4,6,0
0.17791,0.78538,4,4,0
0.55660,0.61116,4,4,0
0.63164,0.24774,4,4,0
0.77846,0.49437,4,4,0
0.63728,0.48071,4,4,0
0.89883,0.38529,4,4,0
0.24760,0.71694,4,2,0
0.20250,0.65893,2,2,0
0.61855,0.26869,4,4,0
0.33257,0.80905,4,4,0
0.44216,0.71122,6,4,0
0.50809,0.36362,4,4,0
0.84048,0.67325,4,4,0
0.65186,0.24759,4,4,0
0.35759,0.23232,4,4,0
0.51797,0.38226,4,4,0
0.32557,0.68972,4,4,0
0.48533,0.10469,4,4,0
0.72651,0.50933,4,4,0
0.72926,0.29648,4,4,0
0.73728,0.76199,4,4,0
0.67523,0.24135,4,4,0
0.71508,0.29338,4,4,0
0.08994,0.70608,0,0,0
0.52438,0.35111,4,4,0
0.73166,0.79970,4,4,0
0.61398,0.47239,4,4,0
0.83034,0.27698,4,4,0
0.77234,0.31551,4,4,0
0.58769,0.91221,5,5,0
0.05263,0.82552,1,1,0
0.53128,0.43685,4,4,0
0.15449,0.64668,2,2,0
0.59583,0.39394,4,4,0
0.58366,0.30049,4,6,0
0.45452,0.74336,4,2,0
0.79982,0.38668,4,4,0
0.54139,0.51980,4,4,0
0.60977,0.43903,4,4,0
0.65316,0.18260,4,4,0
0.72536,0.68835,4,4,0
0.46555,0.86957,4,2,0
0.77992,0.61144,4,4,0
0.43059,0.20634,4,4,0
0.68126,0.28419,4,4,0
0.65221,0.52859,4,4,0
0.62282,0.53909,4,4,0
0.14806,0.60793,2,2,0
0.49363,0.61023,4,4,0
0.74279,0.47742,4,4,0
0.55446,0.58244,4,4,0
0.66097,0.28681,4,4,0
0.37574,0.67241,6,6,0
0.41323,0.45975,4,4,0
0.17524,0.48904,2,4,0
0.33869,0.57700,2,2,0
0.76240,0.37201,4,4,0
0.18620,0.68403,2,2,0
0.40013,0.57214,6,6,0
0.07174,0.81862,1,1,0
0.32699,0.21308,4,4,0
0.22561,0.63836,6,2,0
0.68360,0.06484,4,4,0
0.24955,0.98473,6,6,0
0.61501,0.41729,4,4,0
0.62900,0.19717,4,4,0
0.77645,0.66737,4,4,0
0.40731,0.40071,4,2,0
0.65781,0.41400,4,4,0
0.62670,0.22947,4,4,0
0.70019,0.17752,4,4,0
0.62943,0.21160,4,4,0
0.10722,0.77222,0,2,0
0.57361,0.41583,4,4,0
0.65855,0.30840,4,4,0
0.37654,0.52252,4,4,0
0.36597,0.17602,4,4,0
0.61988,0.14923,4,4,0
0.04796,0.89204,1,1,0
0.33859,0.31853,4,4,0
0.81512,0.36322,4,4,0
0.67919,0.33662,4,4,0
0.33694,0.84084,4,4,0
0.39003,0.68188,6,4,0
0.24540,0.17325,4,4,0
0.23746,0.30993,4,4,0
0.76606,0.37977,4,4,0
0.19419,0.40085,4,2,0
0.31113,0.36301,4,4,0
0.55418,0.50197,4,4,0
0.48118,0.40890,4,4,0
0.71393,0.47571,4,4,0
0.30434,0.72850,6,4,0
0.45894,0.23881,4,4,0
0.36337,0.98665,3,3,0
0.68986,0.10542,4,4,0
0.24195,0.66604,2,2,0
0.08006,0.83923,1,1,0
0.44598,0.57579,4,4,0
0.55401,0.16593,4,4,0
0.31799,0.15562,4,4,0
0.14595,0.37897,4,4,0
0.30015,0.45628,4,4,0
0.75389,0.44469,4,4,0
0.28521,0.68679,4,4,0
0.54771,0.24285,4,4,0
0.55668,0.31016,4,4,0
0.61238,0.25366,4,4,0
0.61145,0.35343,4,4,0
0.58542,0.25303,4,4,0
0.29528,0.52696,4,4,0
0.52340,0.54588,4,4,0
0.67029,0.50395,4,4,0
0.70824,0.50918,4,4,0
0.59250,0.11040,4,4,0
0.50474,0.14261,4,4,0
0.43013,0.49780,4,4,0
0.16306,0.54096,6,4,0
0.66823,0.35846,4,4,0
0.63302,0.27129,4,4,0
0.63887,0.18345,4,4,0
0.56872,0.92617,5,5,0
0.36730,0.61719,4,4,0
0.40018,0.50517,4,4,0
0.11109,0.69169,0,0,0
0.34647,0.29253,4,4,0
0.77346,0.35127,4,4,0
0.42060,0.98041,4,4,0
0.74730,0.16358,4,4,0
0.47919,0.77061,2,2,0
0.16919,0.35868,4,4,0
0.64180,0.18188,4,4,0
0.07702,0.87652,1,1,0
0.55683,0.20509,4,4,0
0.30026,0.59601,6,4,0
0.67667,0.50293,4,4,0
0.67378,0.41182,4,4,0
0.14279,0.62841,2,2,0
0.54899,0.31392,4,4,0
0.20560,0.75535,6,1,0
0.82168,0.78152,4,4,0
0.69597,0.21189,4,4,0
0.20971,0.41610,4,4,0
0.38650,0.74075,4,6,0
0.42196,0.70015,4,4,0
0.46786,0.71949,4,4,0
0.28527,0.72812,6,2,0
0.25430,0.57306,4,4,0
0.52312,0.74333,4,4,0
0.77706,0.38080,4,4,0
0.68441,0.48355,4,4,0
0.58740,0.85549,5,5,0
0.76666,0.27149,4,4,0
0.65518,0.09428,4,4,0
0.36081,0.85250,4,6,0
0.68928,0.42526,4,4,0
0.58361,0.54914,4,4,0
0.76954,0.24401,4,4,0
0.23610,0.51471,6,4,0
0.80062,0.28582,4,4,0
0.82393,0.42769,4,4,0
0.10407,0.86779,1,1,0
0.32009,0.62319,4,4,0
0.89241,0.29902,4,4,0
0.78065,0.35768,4,4,0
0.17976,0.72442,2,6,0
0.60586,0.52025,4,4,0
0.61694,0.31592,4,4,0
0.12148,0.84388,1,0,0
0.53759,0.38418,4,4,0
0.11503,0.90529,5,5,0
0.25976,0.27812,4,4,0
0.18256,0.60558,2,2,0
0.22287,0.53610,4,4,0
0.69448,0.62615,4,4,0
0.68711,0.22100,4,4,0
0.82661,0.64912,4,4,0
0.74987,0.29555,4,4,0
0.19613,0.67607,6,6,0
0.13247,0.65305,6,0,0
0.51693,0.63061,4,4,0
0.77750,0.29373,4,4,0
0.70377,0.53980,4,4,0
0.69530,0.73193,4,4,0
0.22399,0.25787,4,4,0
0.71642,0.86057,4,4,0
0.34760,0.59696,6,4,0
0.17837,0.90683,1,4,0
0.73908,0.56072,4,4,0
0.38221,0.45527,4,2,0
0.58323,0.34117,4,4,0
0.55529,0.40826,4,4,0
0.65383,0.15346,4,4,0
0.59683,0.35969,4,4,0
0.19316,0.55017,6,4,0
0.30338,0.48226,4,4,0
0.36785,0.39726,4,4,0
0.23347,0.73312,2,2,0
0.58616,0.21626,4,4,0
0.47498,0.74209,2,2,0
0.28559,0.29401,4,4,0
0.62779,0.46679,4,4,0
0.71449,0.41141,4,4,0
0.32512,0.58444,4,2,0
0.09361,0.79865,1,1,0
0.74017,0.51907,4,4,0
0.35131,0.61586,6,4,0
0.15650,0.79481,1,1,0
0.51033,0.17183,4,4,0
0.44718,0.63454,4,4,0
0.34784,0.97842,3,3,0
0.13911,0.84112,0,0,0
0.17600,0.76786,4,6,0
0.16959,0.66157,2,2,0
0.70308,0.39153,4,4,0
0.56950,0.45523,4,4,0
0.58993,0.25151,4,4,0
0.80667,0.62178,4,4,0
0.60171,0.48250,4,4,0
0.18020,0.67051,2,2,0
0.39346,0.65844,6,4,0
0.17619,0.56970,2,2,0
0.43241,0.15263,4,4,0
0.25328,0.25408,4,4,0
0.45263,0.27303,4,4,0
0.35927,0.51956,4,4,0
0.74999,0.42181,4,4,0
0.32433,0.43566,4,2,0
0.34031,0.73348,4,2,0
0.37157,0.79060,4,4,0
0.83328,0.62081,4,4,0
0.93148,0.30307,4,4,0
0.27043,0.64473,6,6,0
0.08857,0.82334,1,1,0
0.65307,0.19216,4,4,0
0.30688,0.63639,6,4,0
0.32125,0.71094,4,4,0
0.24234,0.76452,2,4,0
0.27251,0.61502,2,4,0
0.69955,0.64627,4,4,0
0.73864,0.62734,4,4,0
0.56922,0.22916,4,4,0
0.51188,0.23821,4,4,0
0.26902,0.49705,4,4,0
0.11278,0.66774,0,0,0
0.77673,0.38793,4,4,0
0.27115,0.59168,2,4,0
0.68375,0.25538,4,4,0
0.58069,0.15511,4,4,0
0.23225,0.28303,4,4,0
0.78618,0.39447,4,4,0
0.41589,0.88244,2,4,0
0.13132,0.54608,2,0,0
0.18870,0.84415,1,1,0
0.30358,0.55438,6,4,0
0.67173,0.21677,4,4,0
0.40106,0.91890,2,2,0
0.91958,0.70333,4,4,0
0.28100,0.70799,6,6,0
0.16241,0.71703,2,6,0
0.24717,0.79221,6,6,0
0.34596,0.66585,6,6,0
0.76016,0.34720,4,4,0
0.06088,0.68300,1,1,0
0.76486,0.17164,4,4,0
0.68663,0.13536,4,4,0
0.58616,0.52064,4,4,0
0.63816,0.49573,4,4,0
0.58606,0.48600,4,4,0
0.09049,0.40087,4,4,0
0.45216,0.50673,4,4,0
0.62939,0.56662,4,4,0
0.06498,0.71592,6,6,0
0.43231,0.65499,6,4,0
0.71592,0.42423,4,4,0
0.13390,0.77978,1,0,0
0.16330,0.68279,0,0,0
0.23123,0.58111,6,2,0
0.60648,0.50331,4,4,0
0.48731,0.53069,4,4,0
0.79607,0.15235,4,4,0
0.60962,0.00661,4,4,0
0.24932,0.45974,4,4,0
0.49723,0.25854,4,4,0
0.53999,0.22595,4,4,0
0.57976,0.27465,4,4,0
0.64712,0.31426,4,4,0
0.35793,0.44862,4,4,0
0.17717,0.74078,2,2,0
0.25681,0.32782,4,4,0
0.35239,0.49668,6,6,0
0.36237,0.91711,4,4,0
0.69072,0.52164,4,4,0
0.36971,0.30927,4,4,0
0.45647,0.77317,4,4,0
0.60482,0.33892,4,4,0
0.49315,0.48866,4,4,0
0.62561,0.24265,4,4,0
0.45446,0.66129,4,4,0
0.48400,0.00003,4,4,0
0.24739,0.64977,2,4,0
0.08846,0.83682,1,1,0
0.23043,0.70986,6,2,0
0.21243,0.63704,6,2,0
0.15055,0.51376,2,2,0
0.94197,0.53922,4,4,0
0.44316,0.18167,6,4,0
0.45797,0.68896,4,4,0
0.38676,0.42203,4,4,0
0.71371,0.43421,4,4,0
0.59643,0.82214,4,4,0
0.67526,0.22289,4,4,0
0.53191,0.19422,4,4,0
0.49956,0.22830,4,4,0
0.26271,0.87964,4,4,0
0.46415,0.92384,4,4,0
0.77658,0.64219,4,4,0
0.50738,0.92171,4,4,0
0.52128,0.87274,4,4,0
0.71082,0.19385,4,4,0
0.31100,0.28642,4,4,0
0.29923,0.61652,6,4,0
0.80330,0.34644,4,4,0
0.22659,0.39544,4,4,0
0.52540,0.14495,4,4,0
0.57060,0.11726,4,4,0
0.73211,0.11504,4,4,0
0.43109,0.10509,4,4,0
0.68903,0.14890,4,4,0
0.53304,0.33931,4,4,0
0.60284,0.23428,4,4,0
0.24630,0.34967,4,4,0
0.78673,0.81649,4,4,0
0.87210,0.32612,4,4,0
0.22487,0.48454,6,6,0
0.27102,0.67839,6,2,0
0.77158,0.46200,4,4,0
0.07665,0.85356,1,1,0
0.18022,0.52265,2,4,0
0.13286,0.59832,2,2,0
0.67271,0.52228,4,4,0
0.29080,0.36697,4,4,0
0.35360,0.46765,4,4,0
0.72792,0.40000,4,4,0
0.43237,0.73504,6,4,0
0.46523,0.99991,4,4,0
0.83356,0.41074,4,4,0
0.18927,0.31873,4,4,0
0.67774,0.39811,4,4,0
0.42151,0.56567,4,4,0
0.78157,0.37544,4,4,0
0.59848,0.74433,4,4,0
0.24588,0.30047,4,4,0
0.74043,0.38862,4,4,0
0.57931,0.22667,4,4,0
0.70970,0.46090,4,4,0
0.89351,0.61389,4,4,0
0.68226,0.45061,4,4,0
0.50743,0.41148,4,4,0
0.19499,0.20471,4,4,0
0.68370,0.46576,4,4,0
0.26072,0.54801,6,4,0
0.37977,0.57951,6,4,0
0.73208,0.49951,4,4,0
0.49983,0.06306,4,4,0
0.78350,0.48031,4,4,0
0.75044,0.33459,4,4,0
0.33382,0.33797,4,4,0
0.11905,0.45455,4,4,0
0.24981,0.49734,4,4,0
0.72714,0.22057,4,4,0
0.19703,0.81093,6,2,0
0.21416,0.31759,4,4,0
0.56162,0.63793,4,4,0
0.80802,0.68094,4,4,0
0.44541,0.81091,2,2,0
0.66032,0.51981,4,4,0
0.74936,0.43260,4,4,0
0.62959,0.37704,4,4,0
0.12480,0.81477,1,2,0
0.64025,0.36727,4,4,0
0.09097,0.49040,4,6,0
0.82062,0.27489,4,4,0
0.62281,0.19524,4,4,0
0.14747,0.41728,4,4,0
0.40511,0.25204,4,4,0
0.55953,0.44720,4,4,0
0.75453,0.27315,4,4,0
0.08159,0.61880,0,1,0
0.00311,0.74841,4,0,0
0.61762,0.15926,4,4,0
0.57059,0.52441,4,4,0
0.34953,0.63700,4,4,0
0.35324,0.78341,4,4,0
0.48755,0.56492,4,4,0
0.63598,0.19662,4,4,0
0.53362,0.41069,4,4,0
0.66749,0.29847,4,4,0
0.58499,0.49623,4,4,0
0.37247,0.60535,4,4,0
0.36534,0.63926,4,4,0
0.25797,0.51261,4,4,0
0.16465,0.84448,4,4,0
0.66148,0.00433,4,4,0
0.71994,0.25074,4,4,0
1.00000,0.35819,4,4,0
0.73664,0.58356,4,4,0
0.63414,0.25730,4,4,0
0.48380,0.84669,2,2,0
0.29448,0.25729,4,4,0
0.73891,0.54113,4,4,0
0.14263,0.93081,4,4,0
0.23668,0.68780,4,2,0
0.38975,0.18881,4,4,0
0.61251,0.61995,4,4,0
0.63096,0.41429,4,4,0
0.27592,0.50826,4,4,0
0.12602,0.26321,4,4,0
0.80438,0.44386,4,4,0
0.72361,0.38856,4,4,0
0.60874,0.45380,4,4,0
0.59443,0.54169,4,4,0
0.67071,0.27660,4,4,0
0.04624,0.63613,4,4,0
0.41582,0.66077,4,4,0
0.61962,0.83536,4,4,0
0.68686,0.66003,4,4,0
0.08864,0.78002,1,1,0
0.43739,0.68161,4,4,0
0.59405,0.31619,4,4,0
0.38125,0.82635,4,4,0
0.53466,0.32368,4,4,0
0.61660,0.16654,4,4,0
0.14151,0.75523,4,4,0
0.66743,0.51408,4,4,0
0.32002,0.32057,4,4,0
0.26872,0.69644,2,2,0
0.51901,0.71326,4,4,0
0.75130,0.28334,4,4,0
0.35632,0.81713,4,4,0
0.70324,0.79876,4,4,0
0.66634,0.25236,4,4,0
0.32864,0.46831,4,4,0
0.20730,0.51863,4,4,0
0.47219,0.63338,4,4,0
0.67138,0.45960,4,4,0
0.86710,0.27303,4,4,0
0.73465,0.48134,4,4,0
0.61950,0.47802,4,4,0
0.58259,0.18206,4,4,0
0.83496,0.27557,4,4,0
0.26188,0.35852,2,4,1
0.08812,0.92394,1,4,1
0.25071,0.74113,4,6,1
0.26611,0.84021,4,0,1
0.35994,0.72250,6,4,1
0.12003,0.75697,1,2,1
0.56808,0.35051,4,4,1
0.12722,0.70806,2,0,1
0.19557,0.58535,6,2,1
0.03359,0.85952,6,1,1
0.65507,0.32613,4,4,1
0.27353,0.57120,2,4,1
0.51918,0.49026,6,4,1
0.94103,0.65999,6,4,1
0.49237,0.30106,6,4,1
0.71077,0.36279,3,4,1
0.48722,0.24721,6,4,1
0.69660,0.58971,6,4,1
0.46523,0.55235,6,4,1
0.41200,0.68098,6,4,1
0.89421,0.66052,2,4,1
0.60653,0.70723,6,4,1
0.59922,0.42238,4,4,1
0.76274,0.53644,2,4,1
0.17319,0.94553,4,5,1
0.86379,0.51112,2,4,1
0.95127,0.48786,2,4,1
0.38200,0.96740,4,3,1
0.20402,0.30224,1,4,1
0.79339,0.74309,3,4,1
0.76187,0.72902,4,3,1
0.50108,0.18288,6,4,1
0.90208,0.40734,2,4,1
0.48088,0.66647,2,4,1
0.40793,0.38305,2,4,1
0.92903,0.38076,2,4,1
0.19953,0.64242,2,6,1
0.21616,0.85351,0,4,1
0.34322,0.38467,2,4,1
0.46786,0.13221,2,4,1
0.47137,0.35242,2,4,1
0.36123,0.58794,6,4,1
0.13811,0.73084,2,6,1
0.05139,0.79427,1,2,1
0.82195,0.48728,2,4,1
0.57470,0.69482,6,4,1
0.30869,0.68543,2,4,1
0.20060,0.87300,3,2,1
0.80219,0.66123,2,4,1
0.49867,0.74888,4,2,1
0.91862,0.46423,2,4,1
0.92943,0.62980,6,4,1
0.92345,0.56185,2,4,1
0.84227,0.49808,2,4,1
0.34920,0.76107,1,4,1
0.20219,0.78626,6,2,1
0.44255,0.82922,4,2,1
0.68466,0.67311,3,4,1
0.26104,0.80614,6,4,1
0.44100,0.54276,2,4,1
0.93368,0.48256,2,4,1
0.09811,0.83751,0,1,1
0.46003,0.35561,2,4,1
0.26571,0.72000,6,4,1
0.25538,0.61279,6,2,1
0.28379,0.20480,6,4,1
0.77670,0.56708,2,4,1
0.56799,0.87615,4,5,1
0.85230,0.51372,2,4,1
0.19174,0.70841,0,6,1
0.53910,0.58316,6,4,1
0.95835,0.48955,2,4,1
0.93163,0.49026,2,4,1
0.91282,0.46866,2,4,1
0.25875,0.65800,2,6,1
0.42113,0.62457,6,4,1
0.54303,0.28792,6,4,1
0.06250,0.45070,4,2,1
0.59276,0.64694,6,4,1
0.54844,0.12868,6,4,1
0.03011,0.82297,1,0,1
0.92790,0.62890,6,4,1
0.55147,0.74508,2,4,1
0.44680,0.35754,6,4,1
0.63479,0.67026,4,4,1
0.24026,0.63330,6,2,1
0.28341,0.91081,6,4,1
0.36444,0.74307,6,4,1
0.57184,0.80590,6,4,1
0.21406,0.36652,2,4,1
0.67780,0.76641,6,4,1
0.64552,0.60121,2,4,1
0.95255,0.41782,2,4,1
0.71140,0.63886,2,4,1
0.75027,0.52331,2,4,1
0.00000,0.64714,6,0,1
0.89676,0.53655,2,4,1
0.29988,0.70478,2,6,1
0.44334,0.39650,6,4,1
0.60130,0.87046,4,5,1
0.09498,0.64211,2,1,1
0.43204,0.28711,6,4,1
0.83761,0.55573,2,4,1
0.86950,0.42030,2,4,1
0.60515,0.67641,6,4,1
0.41797,0.53173,2,4,1
0.37457,0.55540,6,4,1
0.04746,0.75850,0,1,1
0.21525,0.65749,6,2,1
0.88819,0.42128,2,4,1
0.65550,0.64645,4,4,1
0.07516,0.66058,1,2,1
0.94727,0.59329,2,4,1
0.75756,0.84808,2,4,1
0.82079,0.51400,2,4,1
0.76779,0.57451,2,4,1
0.47809,0.58982,2,4,1
0.88847,0.40830,2,4,1
0.39199,0.13348,6,4,1
0.91370,0.37764,2,4,1
0.60573,0.58799,2,4,1
0.86323,0.55634,2,4,1
0.71614,0.56195,2,4,1
0.56748,0.56219,6,4,1
0.15954,0.48784,2,4,1
0.60610,0.28773,4,4,1
0.61272,0.39803,4,4,1
0.25858,0.63325,6,6,1
0.86311,0.44804,2,4,1
0.27939,0.78878,6,4,1
0.53687,0.47084,6,4,1
0.62561,0.09911,6,4,1
0.49376,0.81848,6,4,1
0.57839,0.73719,6,4,1
0.84307,0.59989,2,4,1
0.05833,0.84365,4,1,1
0.85161,0.40751,2,4,1
0.55740,0.84369,5,4,1
0.29847,0.50111,6,4,1
0.47612,0.50634,4,4,1
0.67233,0.58929,6,4,1
0.45343,0.33650,2,4,1
0.20028,0.61087,2,4,1
0.90343,0.69584,2,4,1
0.96438,0.50552,2,4,1
0.75692,0.63224,2,4,1
0.18035,0.27277,6,4,1
0.28585,0.59917,2,4,1
0.82194,0.52799,2,4,1
0.84941,0.47277,2,4,1
0.51556,0.31236,6,4,1
0.06327,0.88095,1,1,1
0.27985,0.47336,6,4,1
0.88052,0.43721,2,4,1
0.20036,0.48932,6,4,1
0.36823,0.69266,6,4,1
0.33180,0.64031,6,4,1
0.86739,0.49463,2,4,1
0.47208,0.12507,2,4,1
0.76912,0.58499,2,4,1
0.55522,0.38074,6,4,1
0.38495,0.88231,2,4,1
0.82981,0.55581,2,4,1
0.20857,0.24277,2,4,1
0.46017,0.28554,6,4,1
0.39402,0.60378,6,4,1
0.37244,0.76430,6,4,1
0.10623,0.60309,6,2,1
0.94386,0.35505,4,4,1
0.32539,0.27117,2,4,1
0.83219,0.38692,2,4,1
0.47938,0.69265,6,4,1
0.96118,0.52538,2,4,1
0.37650,0.23235,6,4,1
0.51690,0.57309,6,4,1
0.77186,0.50943,2,4,1
0.78250,0.42455,2,4,1
0.45913,0.21148,6,4,1
0.26948,0.38910,2,4,1
0.81920,0.48707,2,4,1
0.85389,0.63377,2,4,1
0.31041,0.84019,6,4,1
0.63396,0.45543,4,4,1
0.65526,0.68569,4,4,1
0.49340,0.33779,6,4,1
0.29708,0.40999,2,4,1
0.25324,0.69480,4,2,1
0.85615,0.39537,2,4,1
0.39844,0.34271,2,4,1
0.81287,0.57078,2,4,1
0.47270,0.80415,2,4,1
0.43065,0.77415,6,4,1
0.51250,0.97926,6,4,1
0.50356,0.51152,6,4,1
0.17373,0.82244,4,2,1
0.94900,0.46584,2,4,1
0.45061,0.08395,4,4,1
0.61739,0.43214,4,4,1
0.33982,0.55391,6,4,1
0.11681,0.57168,4,6,1
0.49934,0.35690,6,4,1
0.23474,0.34997,2,4,1
0.21512,0.67558,4,2,1
0.72415,0.32389,4,4,1
0.81826,0.44796,2,4,1
0.13022,0.97456,6,4,1
0.89717,0.54509,2,4,1
0.42798,0.33840,6,4,1
0.07379,0.79252,2,1,1
0.85600,0.47717,2,4,1
0.63655,0.13272,4,4,1
0.98666,0.58791,2,4,1
0.44083,0.44746,6,4,1
0.83564,0.35352,2,4,1
0.29217,0.67253,6,4,1
0.85290,0.36807,2,4,1
0.53552,0.61440,6,4,1
0.30438,0.75538,4,6,1
0.34556,0.68484,6,4,1
0.15188,0.68658,2,0,1
0.55611,0.09005,6,4,1
0.72033,0.57057,2,4,1
0.42577,0.04453,6,4,1
0.48169,0.47134,6,4,1
0.21343,0.59499,2,6,1
0.33184,0.60478,2,4,1
0.93917,0.49379,2,4,1
0.58348,0.61597,6,4,1
0.91511,0.65476,6,4,1
0.76327,0.77052,4,3,1
0.47234,0.52365,6,4,1
0.22387,0.77790,2,6,1
0.87011,0.43136,2,4,1
0.75403,0.54817,2,4,1
0.23542,0.36711,2,4,1
0.44105,0.20628,6,4,1
0.78920,0.55172,2,4,1
0.24502,0.59536,6,4,1
0.90177,0.44330,2,4,1
0.45878,0.45963,6,4,1
0.92363,0.39776,2,4,1
0.80707,0.54697,2,4,1
0.30869,0.88194,6,3,1
0.91318,0.51719,2,4,1
0.86935,0.75687,2,4,1
0.17162,0.45096,2,4,1
0.37783,0.27432,2,4,1
0.80103,0.51048,2,4,1
0.60444,0.89999,5,5,1
0.06393,0.59856,0,2,1
0.63961,0.71443,4,4,1
0.30623,0.57712,6,4,1
0.86861,0.39671,2,4,1
0.83149,0.48152,2,4,1
0.53568,0.50146,6,4,1
0.92517,0.44220,2,4,1
0.06526,0.90496,2,1,1
0.42967,0.24201,6,4,1
0.88004,0.45488,2,4,1
0.73687,0.33794,4,4,1
0.50161,0.55473,6,4,1
0.10476,0.32884,6,4,1
0.75728,0.45854,2,4,1
0.21287,0.56033,2,4,1
0.76050,0.68386,2,4,1
0.24127,0.82315,4,2,1
0.29193,0.33757,6,4,1
0.17384,0.69669,0,2,1
0.61341,0.75144,2,4,1
0.49232,0.71421,2,4,1
0.83850,0.51706,2,4,1
0.83841,0.47307,2,4,1
0.74058,0.66073,6,4,1
0.97840,0.49404,2,4,1
0.32779,0.49717,6,2,1
0.00353,0.79920,1,4,1
0.80498,0.41348,2,4,1
0.17336,0.63984,6,2,1
0.39632,0.54387,6,4,1
0.90516,0.26804,2,4,1
0.93230,0.43802,2,4,1
0.50172,0.10296,6,4,1
0.25622,0.67569,2,6,1
0.47305,0.12939,2,4,1
0.20288,0.91720,4,5,1
0.91400,0.34392,6,4,1
0.97322,0.65250,6,4,1
0.93270,0.38603,2,4,1
0.59481,0.46412,4,4,1
0.78408,0.53596,2,4,1
0.94663,0.38840,2,4,1
0.45559,0.40966,6,4,1
0.65577,0.34960,4,4,1
0.14991,0.86350,0,2,1
0.03342,0.68184,1,6,1
0.87871,0.66693,2,4,1
0.89425,0.67351,2,4,1
0.03423,0.51634,6,4,1
0.80038,0.56036,2,4,1
0.86865,0.46953,2,4,1
0.59815,0.92089,5,5,1
0.35344,0.56561,6,4,1
0.16396,0.74062,4,2,1
0.75655,0.17081,4,4,1
0.46381,0.14913,2,4,1
0.72491,0.74664,3,4,1
0.14282,0.67173,2,0,1
0.78191,0.51088,2,4,1
0.20862,0.26580,2,4,1
0.26222,0.48560,2,4,1
0.96114,0.43408,2,4,1
0.81663,0.60413,2,4,1
0.14890,0.57048,6,2,1
0.16681,0.81677,6,1,1
0.14708,0.70141,2,0,1
0.22319,0.75223,0,2,1
0.39503,0.70410,4,6,1
0.40840,0.13444,6,4,1
0.92691,0.50355,2,4,1
0.46027,0.83948,4,2,1
0.47615,0.43911,2,4,1
0.96589,0.47789,2,4,1
0.82360,0.58584,2,4,1
0.83704,0.83974,4,4,1
0.86883,0.35531,2,4,1
0.44101,0.31166,6,4,1
0.32207,0.73516,6,4,1
0.79625,0.70602,2,4,1
0.48335,0.17972,6,4,1
0.19490,0.36292,2,4,1
0.30467,0.66487,2,6,1
0.83398,0.51023,2,4,1
0.43469,0.34585,6,4,1
0.97620,0.48085,2,4,1
0.57653,0.64868,6,4,1
0.54359,0.53401,6,4,1
0.21644,0.61892,2,6,1
0.16425,0.59355,4,2,1
0.18891,0.34715,2,4,1
0.35647,0.17924,6,4,1
0.27054,0.41702,2,4,1
0.85316,0.55017,2,4,1
0.90947,0.44665,2,4,1
0.16618,0.62104,6,2,1
0.23379,0.32939,2,4,1
0.56820,0.07136,6,4,1
0.53655,0.77347,2,4,1
0.71964,0.59641,2,4,1
0.28393,0.95832,1,6,1
0.50028,0.44415,4,4,1
0.43023,0.91215,4,2,1
0.28517,0.63191,2,4,1
0.34290,0.11483,6,4,1
0.90308,0.43538,2,4,1
0.55294,0.70679,2,4,1
0.48167,0.27312,6,4,1
0.79646,0.49581,2,4,1
0.18381,0.63001,2,4,1
0.33541,0.97979,1,3,1
0.60821,0.12517,4,4,1
0.58219,0.68751,2,4,1
0.07149,0.53616,2,4,1
0.08021,0.73550,1,0,1
0.96765,0.39822,2,4,1
0.93199,0.37026,2,4,1
0.78398,0.45458,2,4,1
0.02715,0.57847,1,4,1
0.67432,0.86252,2,4,1
0.30764,0.80387,4,2,1
0.34276,0.37539,2,4,1
0.66826,0.62646,4,4,1
0.44196,0.34189,2,4,1
0.92819,0.46492,2,4,1
0.09280,0.68253,2,0,1
0.56071,0.70873,2,4,1
0.92635,0.42543,2,4,1
0.98196,0.49496,2,4,1
0.85329,0.52022,2,4,1
0.32453,0.91561,6,4,1
0.11846,0.78271,2,1,1
0.44918,0.40354,6,4,1
0.31869,0.77985,4,6,1
0.40355,0.21914,6,4,1
0.76237,0.47681,2,4,1
0.37552,0.65262,6,4,1
0.18675,0.42175,4,3,1
0.51481,0.68161,2,4,1
0.53491,0.55663,4,4,1
0.91220,0.40635,2,4,1
0.28730,0.81975,6,4,1
0.31150,0.34541,2,4,1
0.77703,0.52622,2,4,1
0.95164,0.44558,2,4,1
0.13124,0.68284,2,0,1
0.22337,0.32567,2,4,1
0.91460,0.39844,2,4,1
0.32934,0.75838,6,4,1
0.74924,0.73745,3,4,1
0.41783,0.84931,4,2,1
0.16041,0.76652,1,2,1
0.08681,0.57503,2,0,1
0.27313,0.53047,6,4,1
0.57606,0.47332,4,4,1
0.28809,0.85988,4,6,1
0.57610,0.08938,6,4,1
0.79250,0.50123,2,4,1
0.41057,0.72405,6,4,1
0.09500,0.75413,0,1,1
0.34849,0.41626,4,4,1
0.86314,0.45968,2,4,1
0.85264,0.50780,2,4,1
0.17331,0.87163,6,0,1
0.23852,0.55373,4,6,1
0.76267,0.55610,2,4,1
0.44117,0.86445,4,2,1
0.33988,0.87618,6,4,1
0.57246,0.59280,6,4,1
0.94781,0.41276,2,4,1
0.33963,0.62430,6,4,1
0.40582,0.29043,6,4,1
0.85529,0.55959,2,4,1
0.79944,0.21675,4,4,1
0.57575,0.06012,6,4,1
0.37577,0.38574,2,4,1
0.52823,0.52487,6,4,1
0.85547,0.49869,2,4,1
0.35592,0.70294,4,6,1
0.19267,0.76228,2,6,1
0.39766,0.47451,2,4,1
0.21865,0.30030,2,4,1
0.34567,0.65255,6,4,1
0.55512,0.26701,6,4,1
0.83877,0.48871,2,4,1
0.32248,0.56272,6,0,1
0.58863,0.08174,6,4,1
0.24859,0.22331,2,4,1
0.52240,0.83510,4,5,1
0.85671,0.57490,2,4,1
0.94148,0.47635,2,4,1
0.23311,0.61632,6,2,1
0.29004,0.57863,6,4,1
0.47205,0.20114,6,4,1
0.24476,0.37360,2,4,1
0.56201,0.67351,6,4,1
0.41457,0.17523,6,4,1
0.64415,0.29482,4,4,1
0.51930,0.26473,6,4,1
0.56403,0.69465,6,4,1
0.46000,0.34103,2,4,1
0.21564,0.44600,2,4,1
0.33866,0.51950,4,6,1
0.13730,0.79207,4,1,1
0.55737,0.48190,6,4,1
0.40563,0.32445,2,4,1
0.24685,0.92512,4,2,1
0.30822,0.51536,6,4,1
0.39927,0.77986,6,4,1
0.50767,0.78723,2,4,1
0.52882,0.22574,6,4,1
0.88520,0.39473,2,4,1
0.33926,0.70990,6,4,1
0.58669,0.40788,4,4,1
0.74502,0.46305,2,4,1
0.43174,0.28604,6,4,1
0.96970,0.51329,2,4,1
0.57457,0.37226,4,4,1
0.79711,0.57890,2,4,1
0.59307,0.89705,5,5,1
0.49554,0.66892,2,4,1
0.49406,0.65011,2,4,1
0.22312,0.80139,0,6,1
0.29037,0.33143,2,4,1
0.95141,0.47606,2,4,1
0.32051,0.53918,2,4,1
0.81378,0.45475,2,4,1
0.10893,0.82304,0,1,1
0.20936,0.71184,2,4,1
0.88665,0.50215,2,4,1
0.88963,0.65237,2,4,1
0.64199,0.61099,2,4,1
0.21125,0.96481,6,2,1
0.49844,0.33251,6,4,1
0.92577,0.55806,2,4,1
0.37469,0.48729,4,2,1
0.89015,0.48001,2,4,1
0.89737,0.55665,2,4,1
0.93879,0.47981,2,4,1
0.26514,0.76573,6,0,1
0.62304,0.06139,2,4,1
0.50495,0.29161,6,4,1
0.59094,0.37356,4,4,1
0.40818,0.43637,2,4,1
0.45496,0.47514,6,4,1
0.80683,0.58991,2,4,1
0.63642,0.31445,4,4,1
0.27560,0.36128,2,4,1
0.90048,0.47414,2,4,1
0.85228,0.44773,2,4,1
0.76733,0.20223,3,4,1
0.58030,0.43198,4,4,1
0.65099,0.91186,6,4,1
0.95166,0.36327,2,4,1
0.03447,0.72086,6,1,1
0.44057,0.32912,2,4,1
0.28461,0.55244,4,6,1
0.92463,0.62028,6,4,1
0.61204,0.59828,2,4,1
0.93796,0.36784,2,4,1
0.25001,0.40178,2,4,1
0.53623,0.73468,2,4,1
0.37965,0.71590,6,4,1
0.84216,0.32443,2,4,1
0.54144,0.11921,6,4,1
0.49189,0.24432,6,4,1
0.77869,0.44289,2,4,1
0.48443,0.18800,6,4,1
0.81714,0.53945,2,4,1
0.86301,0.47129,2,4,1
0.07155,0.76169,0,1,1
0.54222,0.67646,2,4,1
0.35690,0.65318,2,4,1
0.41193,0.75353,2,4,1
0.91187,0.53678,2,4,1
0.29220,0.77508,4,6,1
0.44974,0.38021,6,4,1
0.82975,0.56831,2,4,1
0.49956,0.16727,6,4,1
0.82126,0.56127,2,4,1
0.79001,0.53505,2,4,1
0.21588,0.73094,2,4,1
0.70210,0.69759,2,4,1
0.36039,0.67788,6,4,1
0.22083,0.69197,6,2,1
0.51196,0.53915,6,4,1
0.87504,0.45224,2,4,1
0.20634,0.33622,2,4,1
0.60666,0.38060,4,4,1
0.57453,0.39183,4,4,1
0.98571,0.43846,3,4,1
0.38276,0.08125,6,4,1
0.21448,0.82878,6,0,1
0.78532,0.68816,2,4,1
0.84164,0.56971,2,4,1
0.71751,0.62582,2,4,1
0.11070,0.79701,2,1,1
0.31784,0.40575,2,4,1
0.23072,0.88726,3,4,1
0.10919,0.72842,6,1,1
0.16903,0.39414,2,4,1
0.62499,0.29452,2,4,1
0.90639,0.42619,2,4,1
0.71719,0.53957,2,4,1
0.46958,0.49191,6,4,1
0.84878,0.46344,2,4,1
0.91486,0.47785,2,4,1
0.48258,0.97150,6,4,1
0.45209,0.18025,6,4,1
0.31762,0.65301,6,4,1
0.87977,0.56600,2,4,1
0.93691,0.46529,2,4,1
0.87564,0.73894,2,4,1
0.52461,0.28785,6,4,1
0.43549,0.61076,6,4,1
0.35683,0.53703,6,4,1
0.17868,0.65445,6,2,1
0.45847,0.60295,6,4,1
0.38749,0.62884,6,4,1
0.59670,0.78062,6,4,1
0.63895,0.77872,4,4,1
0.59439,0.44297,4,4,1
0.84988,0.53283,2,4,1
0.89380,0.43909,2,4,1
0.20107,0.69185,6,2,1
0.19619,0.62232,4,2,1
0.54190,0.81111,6,4,1
0.36110,0.32876,6,4,1
0.96518,0.32273,2,4,1
0.24370,0.85084,2,0,1
0.41635,0.59404,2,4,1
0.66697,0.81603,6,4,1
0.09690,0.85150,0,1,1
0.22983,0.67449,6,2,1
0.91027,0.48144,2,4,1
0.21428,0.34364,2,4,1
0.76767,0.55483,2,4,1
0.96152,0.54411,2,4,1
0.11890,0.62940,2,0,1
0.10998,0.52319,6,4,1
0.45221,0.32976,2,4,1
0.40871,0.81100,4,2,1
0.53847,0.02361,6,4,1
0.67067,0.71873,2,4,1
0.97335,0.50849,2,4,1
0.51440,0.46230,6,4,1
0.77457,0.70842,2,4,1
0.12533,0.86536,1,0,1
0.83847,0.45520,2,4,1
0.16990,0.33340,2,4,1
0.22150,0.34384,2,4,1
0.40251,0.63681,6,4,1
0.19129,0.65239,6,2,1
0.27627,0.66176,2,4,1
0.31559,0.60323,6,4,1
0.28407,0.75129,6,2,1
0.92373,0.41787,2,4,1
0.81614,0.70490,2,4,1
0.48087,0.17436,6,4,1
0.76765,0.51054,2,4,1
0.29075,0.65303,2,4,1
0.87926,0.49230,2,4,1
0.82876,0.46430,2,4,1
0.14616,0.81751,4,0,1
0.92923,0.51450,2,4,1
0.13054,0.50291,6,0,1
0.26648,0.74476,6,2,1
0.19697,0.73599,2,4,1
0.18792,0.66409,2,6,1
0.22647,0.36129,2,4,1
0.75754,0.49429,2,4,1
0.83432,0.73894,4,2,1
0.89770,0.57476,2,4,1
0.14639,0.89311,4,1,1
0.48857,0.23170,6,4,1
0.33190,0.36104,2,4,1
0.17308,0.27744,2,4,1
0.89222,0.52924,2,4,1
0.43141,0.40693,6,4,1
0.22722,0.65416,2,4,1
0.32796,0.66970,6,4,1
0.45317,0.38547,6,4,1
0.54575,0.89630,4,5,1
0.79738,0.59784,2,4,1
0.63681,0.33097,4,4,1
0.48693,0.31021,6,4,1
0.69247,0.35271,4,4,1
0.62085,0.34415,4,4,1
0.51273,0.32864,6,4,1
0.85442,0.70518,2,4,1
0.91718,0.44151,2,4,1
0.51464,0.59902,6,4,1
0.68563,0.37830,4,4,1
0.43171,0.25293,6,4,1
0.88488,0.54379,2,4,1
0.79662,0.46426,2,4,1
0.55738,0.55484,6,4,1
0.87249,0.47416,2,4,1
0.62791,0.63951,4,4,1
0.89604,0.50147,2,4,1
0.69564,0.47610,4,6,1
0.17623,0.78747,1,4,1
0.55650,0.61132,6,4,1
0.91621,0.43606,2,4,1
0.78104,0.49683,2,4,1
0.79863,0.52135,2,4,1
0.90345,0.39137,2,4,1
0.24759,0.71695,4,2,1
0.20143,0.65979,6,2,1
0.48284,0.26910,6,4,1
0.33257,0.80905,6,4,1
0.44216,0.71122,6,4,1
0.81130,0.49373,2,4,1
0.84057,0.67295,2,4,1
0.76253,0.51277,2,4,1
0.36268,0.23209,6,4,1
0.51686,0.38249,6,4,1
0.32552,0.68965,2,4,1
0.47641,0.11222,2,4,1
0.78851,0.56475,2,4,1
0.92783,0.45275,2,4,1
0.73729,0.76203,3,4,1
0.83484,0.53005,2,4,1
0.88214,0.50031,2,4,1
0.08986,0.70610,2,0,1
0.52118,0.35111,6,4,1
0.73168,0.79970,6,4,1
0.59987,0.70849,6,4,1
0.89428,0.36322,2,4,1
0.92039,0.52566,2,4,1
0.58769,0.91221,5,5,1
0.05247,0.82543,4,1,1
0.53084,0.43665,6,4,1
0.15426,0.64662,1,2,1
0.59583,0.39394,4,4,1
0.58366,0.30049,4,6,1
0.45452,0.74336,4,2,1
0.81329,0.39344,2,4,1
0.49278,0.37030,6,4,1
0.85798,0.58352,2,4,1
0.93582,0.41539,2,4,1
0.72596,0.68849,2,4,1
0.46555,0.86957,4,2,1
0.78113,0.60988,2,4,1
0.43192,0.20635,6,4,1
0.47650,0.21222,6,4,1
0.74256,0.70174,6,4,1
0.62282,0.53909,4,4,1
0.14800,0.60789,6,2,1
0.49291,0.61125,6,4,1
0.79059,0.51213,2,4,1
0.55416,0.58262,6,4,1
0.92723,0.47098,2,4,1
0.37575,0.67240,4,6,1
0.41326,0.46136,2,4,1
0.17524,0.48904,2,4,1
0.33877,0.57686,4,2,1
0.90361,0.48521,2,4,1
0.18492,0.68440,0,2,1
0.40018,0.57218,2,6,1
0.07102,0.81851,4,1,1
0.32703,0.21309,6,4,1
0.22562,0.63836,6,2,1
0.68349,0.06455,6,4,1
0.24952,0.98471,1,6,1
0.98038,0.46459,2,4,1
0.93287,0.40487,2,4,1
0.77659,0.66756,2,4,1
0.40731,0.40071,4,2,1
0.92232,0.48985,2,4,1
0.48015,0.19893,6,4,1
0.93978,0.45454,2,4,1
0.46473,0.19593,6,4,1
0.10722,0.77221,0,2,1
0.57361,0.41583,4,4,1
0.72494,0.53025,2,4,1
0.37666,0.52283,6,4,1
0.36434,0.17665,6,4,1
0.53066,0.08353,6,4,1
0.04801,0.89237,2,1,1
0.32327,0.38135,2,4,1
0.88066,0.46974,2,4,1
0.67919,0.33662,4,4,1
0.33694,0.84094,3,4,1
0.39004,0.68188,6,4,1
0.24539,0.17321,2,4,1
0.22784,0.30785,2,4,1
0.89474,0.46837,2,4,1
0.19419,0.40085,4,2,1
0.32218,0.36737,2,4,1
0.55338,0.50277,6,4,1
0.47787,0.40434,2,4,1
0.80597,0.54009,2,4,1
0.30434,0.72850,6,4,1
0.46032,0.23760,6,4,1
0.36400,0.98709,4,3,1
0.68984,0.10663,3,4,1
0.24139,0.66678,6,2,1
0.13906,0.80737,3,1,1
0.44590,0.57580,2,4,1
0.54956,0.16616,6,4,1
0.31795,0.15567,6,4,1
0.14582,0.37900,2,4,1
0.30024,0.45612,6,4,1
0.90406,0.52162,2,4,1
0.28479,0.68655,2,4,1
0.54418,0.24206,6,4,1
0.49190,0.29476,6,4,1
0.84673,0.42540,2,4,1
0.94899,0.50112,4,4,1
0.48843,0.28046,6,4,1
0.29531,0.52707,6,4,1
0.52001,0.54615,6,4,1
0.83586,0.54412,2,4,1
0.81970,0.55015,2,4,1
0.55555,0.07212,6,4,1
0.49843,0.14755,6,4,1
0.42935,0.49798,6,4,1
0.16306,0.54096,6,4,1
0.66823,0.35846,4,4,1
0.84987,0.48987,2,4,1
0.45413,0.21294,6,4,1
0.56872,0.92617,5,5,1
0.36635,0.61563,2,4,1
0.40008,0.50525,2,4,1
0.11096,0.69139,6,0,1
0.34647,0.29253,4,4,1
0.93514,0.53011,2,4,1
0.42058,0.98045,2,4,1
0.55391,0.10503,6,4,1
0.47923,0.77034,4,2,1
0.16915,0.35872,2,4,1
0.94116,0.40409,2,4,1
0.07702,0.87652,1,1,1
0.55378,0.20447,6,4,1
0.30027,0.59601,6,4,1
0.56883,0.70930,6,4,1
0.87912,0.65812,6,4,1
0.14270,0.62834,6,2,1
0.49486,0.32660,6,4,1
0.20560,0.75536,6,1,1
0.82166,0.78152,2,4,1
0.94898,0.36330,2,4,1
0.20966,0.41620,2,4,1
0.38650,0.74075,4,6,1
0.42211,0.70049,2,4,1
0.46791,0.71981,2,4,1
0.28527,0.72812,6,2,1
0.25418,0.57329,2,4,1
0.52355,0.74292,2,4,1
0.90349,0.50396,2,4,1
0.74571,0.60349,2,4,1
0.58737,0.85540,4,5,1
0.96284,0.45613,2,4,1
0.65429,0.09285,6,4,1
0.36081,0.85250,4,6,1
0.87420,0.53177,2,4,1
0.54349,0.66823,6,4,1
0.91394,0.41680,4,4,1
0.23610,0.51471,6,4,1
0.88023,0.34591,2,4,1
0.82496,0.42772,2,4,1
0.10407,0.86779,1,1,1
0.32012,0.62306,6,4,1
0.89253,0.29908,2,4,1
0.78496,0.35607,3,4,1
0.17976,0.72442,2,6,1
0.57919,0.73226,6,4,1
0.87610,0.58232,2,4,1
0.12148,0.84388,1,0,1
0.50371,0.66131,6,4,1
0.11485,0.90507,1,5,1
0.25597,0.27170,2,4,1
0.18252,0.60518,6,2,1
0.22288,0.53611,6,4,1
0.70019,0.62981,2,4,1
0.91008,0.35330,2,4,1
0.82666,0.64903,2,4,1
0.97940,0.39963,6,4,1
0.19613,0.67569,2,6,1
0.13247,0.65305,6,0,1
0.51450,0.63414,6,4,1
0.96765,0.43454,2,4,1
0.78983,0.57120,2,4,1
0.69533,0.73195,2,4,1
0.21909,0.26148,2,4,1
0.71649,0.86053,2,4,1
0.34760,0.59696,6,4,1
0.17837,0.90683,1,4,1
0.73932,0.56086,2,4,1
0.38221,0.45527,4,2,1
0.60675,0.67064,2,4,1
0.55529,0.40826,4,4,1
0.49533,0.21148,6,4,1
0.96489,0.48592,2,4,1
0.19317,0.55017,6,4,1
0.30341,0.48216,6,4,1
0.36904,0.39559,2,4,1
0.23370,0.73304,4,2,1
0.46929,0.22727,6,4,1
0.47503,0.74192,4,2,1
0.28540,0.29386,5,4,1
0.83496,0.58106,2,4,1
0.87134,0.51498,2,4,1
0.32512,0.58444,4,2,1
0.09365,0.79843,3,1,1
0.74348,0.52186,2,4,1
0.35131,0.61586,6,4,1
0.15668,0.79471,0,1,1
0.50618,0.17277,6,4,1
0.44720,0.63460,6,4,1
0.34784,0.97842,3,3,1
0.13911,0.84117,1,0,1
0.17600,0.76786,4,6,1
0.16463,0.66062,1,2,1
0.70308,0.39153,4,4,1
0.54762,0.70698,6,4,1
0.43985,0.31504,6,4,1
0.80850,0.62008,2,4,1
0.53777,0.56765,6,4,1
0.17933,0.67325,0,2,1
0.39346,0.65844,6,4,1
0.17620,0.56967,4,2,1
0.43345,0.15752,6,4,1
0.25336,0.25449,2,4,1
0.45341,0.27368,6,4,1
0.35976,0.51973,6,4,1
0.88845,0.49469,2,4,1
0.32433,0.43566,4,2,1
0.34031,0.73348,4,2,1
0.37130,0.79095,6,4,1
0.83403,0.61965,2,4,1
0.93085,0.29984,6,4,1
0.27039,0.64475,2,6,1
0.09201,0.82051,2,1,1
0.46470,0.32828,2,4,1
0.30688,0.63639,6,4,1
0.32093,0.71090,6,4,1
0.24234,0.76452,2,4,1
0.27251,0.61502,2,4,1
0.70154,0.64663,2,4,1
0.73867,0.62688,2,4,1
0.56567,0.22872,6,4,1
0.51042,0.23823,6,4,1
0.26876,0.49700,2,4,1
0.11277,0.66770,2,0,1
0.89960,0.50926,2,4,1
0.27115,0.59168,2,4,1
0.97109,0.52784,2,4,1
0.66684,0.81611,6,4,1
0.22807,0.28208,2,4,1
0.79095,0.40500,2,4,1
0.41589,0.88244,2,4,1
0.13132,0.54608,2,0,1
0.18900,0.84416,4,1,1
0.30358,0.55438,6,4,1
0.49352,0.15080,6,4,1
0.40110,0.91894,4,2,1
0.91725,0.70105,2,4,1
0.28087,0.70787,2,6,1
0.16241,0.71702,2,6,1
0.24718,0.79224,2,6,1
0.34619,0.66507,4,6,1
0.75595,0.61122,2,4,1
0.06088,0.68290,6,1,1
0.77215,0.73744,3,4,1
0.68792,0.12027,3,4,1
0.49517,0.67643,6,4,1
0.84728,0.56242,2,4,1
0.58606,0.48600,4,4,1
0.09049,0.40091,6,4,1
0.45211,0.50669,6,4,1
0.62836,0.57242,6,4,1
0.06501,0.71593,0,6,1
0.43231,0.65499,6,4,1
0.87392,0.55122,2,4,1
0.13390,0.77978,1,0,1
0.16549,0.68123,2,0,1
0.23123,0.58111,6,2,1
0.57851,0.74365,6,4,1
0.48694,0.53076,6,4,1
0.79792,0.15168,6,4,1
0.60952,0.00662,6,4,1
0.24916,0.46003,2,4,1
0.49254,0.25527,6,4,1
0.53657,0.22612,6,4,1
0.44461,0.33641,2,4,1
0.86470,0.42230,2,4,1
0.35679,0.45453,2,4,1
0.17780,0.74088,6,2,1
0.21159,0.34675,2,4,1
0.35239,0.49669,4,6,1
0.36234,0.91711,2,4,1
0.87683,0.55323,2,4,1
0.36971,0.30927,4,4,1
0.45651,0.77330,2,4,1
0.96278,0.40196,2,4,1
0.49313,0.48880,6,4,1
0.84216,0.47993,2,4,1
0.45450,0.66147,6,4,1
0.48391,0.00000,1,4,1
0.24740,0.64977,2,4,1
0.09659,0.83171,0,1,1
0.23043,0.70986,6,2,1
0.21243,0.63704,6,2,1
0.15055,0.51381,6,2,1
0.94015,0.53632,2,4,1
0.44316,0.18167,6,4,1
0.45814,0.68879,6,4,1
0.38680,0.42193,6,4,1
0.86650,0.53550,2,4,1
0.59636,0.82219,5,4,1
0.49832,0.20393,6,4,1
0.52858,0.19794,6,4,1
0.49493,0.22943,6,4,1
0.26271,0.87963,6,4,1
0.46409,0.92390,2,4,1
0.78045,0.64828,2,4,1
0.50707,0.92174,2,4,1
0.51994,0.87307,6,4,1
0.71082,0.19385,4,4,1
0.31100,0.28642,4,4,1
0.29924,0.61653,6,4,1
0.91310,0.45958,2,4,1
0.22629,0.39555,2,4,1
0.43972,0.36813,6,4,1
0.56639,0.11587,6,4,1
0.73211,0.11504,4,4,1
0.43152,0.10516,6,4,1
0.89276,0.40181,2,4,1
0.50735,0.32766,6,4,1
0.47723,0.23390,6,4,1
0.24194,0.35228,2,4,1
0.78679,0.81645,2,4,1
0.87365,0.33143,2,4,1
0.22486,0.48450,2,6,1
0.27102,0.67839,6,2,1
0.77323,0.46222,2,4,1
0.14347,0.77632,4,1,1
0.18022,0.52265,2,4,1
0.13287,0.59831,6,2,1
0.86736,0.60907,6,4,1
0.29342,0.38244,2,4,1
0.35381,0.46646,2,4,1
0.85669,0.43999,2,4,1
0.43237,0.73504,6,4,1
0.46510,1.00000,6,4,1
0.84017,0.41997,2,4,1
0.18926,0.31884,2,4,1
0.87658,0.64607,6,4,1
0.42151,0.56565,2,4,1
0.91125,0.51096,2,4,1
0.59605,0.74359,6,4,1
0.24472,0.29762,2,4,1
0.74993,0.60739,2,4,1
0.45431,0.31096,6,4,1
0.81648,0.46802,2,4,1
0.89347,0.61338,2,4,1
0.81496,0.53058,2,4,1
0.50743,0.41148,4,4,1
0.19496,0.20474,2,4,1
0.81002,0.52186,2,4,1
0.26072,0.54801,6,4,1
0.37977,0.57950,6,4,1
0.80116,0.47834,2,4,1
0.49992,0.06314,6,4,1
0.78678,0.48089,2,4,1
0.91530,0.56096,2,4,1
0.33759,0.34969,2,4,1
0.11906,0.45459,6,4,1
0.24948,0.49694,6,4,1
0.72714,0.22057,4,4,1
0.19703,0.81093,6,2,1
0.21423,0.31868,2,4,1
0.56026,0.63884,6,4,1
0.80913,0.68266,2,4,1
0.44537,0.81054,4,2,1
0.87006,0.58524,2,4,1
0.88808,0.51251,2,4,1
0.86808,0.59933,2,4,1
0.12480,0.81477,1,2,1
0.94238,0.43639,2,4,1
0.09097,0.49040,4,6,1
0.74903,0.56321,2,4,1
0.47159,0.25948,6,4,1
0.14751,0.41720,2,4,1
0.40578,0.25147,6,4,1
0.77877,0.54046,2,4,1
0.95560,0.45803,2,4,1
0.08159,0.61880,0,1,1
0.00311,0.74841,4,0,1
0.52861,0.09785,6,4,1
0.56449,0.52767,6,4,1
0.34939,0.63694,2,4,1
0.35324,0.78402,3,4,1
0.48143,0.56564,6,4,1
0.47019,0.29408,6,4,1
0.53361,0.41068,4,4,1
0.82694,0.49894,2,4,1
0.55096,0.65964,6,4,1
0.37286,0.60403,6,4,1
0.36508,0.63882,6,4,1
0.25816,0.51259,2,4,1
0.16454,0.84443,2,4,1
0.66136,0.00432,6,4,1
0.89596,0.45436,2,4,1
0.99994,0.35832,4,4,1
0.73657,0.58393,2,4,1
0.53613,0.25030,6,4,1
0.48390,0.84668,4,2,1
0.29448,0.25729,4,4,1
0.73961,0.53860,2,4,1
0.14264,0.93081,5,4,1
0.23668,0.68780,4,2,1
0.38986,0.18870,6,4,1
0.56345,0.71947,6,4,1
0.63093,0.41445,4,4,1
0.27455,0.50730,2,4,1
0.12600,0.26323,2,4,1
0.80686,0.44693,4,4,1
0.84277,0.44170,2,4,1
0.85804,0.57347,2,4,1
0.53760,0.64442,6,4,1
0.86866,0.44339,2,4,1
0.04625,0.63613,1,4,1
0.41567,0.66119,6,4,1
0.61921,0.83553,6,4,1
0.70194,0.65808,2,4,1
0.08869,0.77943,2,1,1
0.43738,0.68163,2,4,1
0.46700,0.37801,4,4,1
0.38119,0.82650,3,4,1
0.48484,0.31280,6,4,1
0.45189,0.35010,2,4,1
0.14142,0.75551,1,4,1
0.84230,0.58986,2,4,1
0.33853,0.35135,2,4,1
0.26877,0.69648,6,2,1
0.51903,0.71326,2,4,1
0.97402,0.40936,2,4,1
0.35624,0.81716,6,4,1
0.70317,0.79883,6,4,1
0.89116,0.44166,2,4,1
0.32861,0.46841,6,4,1
0.20729,0.51865,2,4,1
0.47224,0.63363,2,4,1
0.83061,0.54339,2,4,1
0.86732,0.27314,3,4,1
0.78857,0.52577,2,4,1
0.86037,0.54840,2,4,1
0.43086,0.31741,2,4,1
0.89749,0.35572,2,4,1
